nqelBMLz9Po,8,18
nqelBMLz9Po,30,40
nqelBMLz9Po,48,58
nqelBMLz9Po,64,74
nqelBMLz9Po,84,94
nqelBMLz9Po,129,139
nqelBMLz9Po,151,161
nqelBMLz9Po,170,180
nqelBMLz9Po,180,190
nqelBMLz9Po,195,205
nqelBMLz9Po,210,220
amtuB-2wGeQ,0,10
amtuB-2wGeQ,41,51
amtuB-2wGeQ,58,68
amtuB-2wGeQ,75,85
amtuB-2wGeQ,97,107
amtuB-2wGeQ,141,151
PVuChsXQ_dw,0,10
PVuChsXQ_dw,29,39
PVuChsXQ_dw,68,78
PVuChsXQ_dw,96,106
PVuChsXQ_dw,120,130
PVuChsXQ_dw,139,149
PVuChsXQ_dw,182,192
NwlwJjelgzs,0,10
NwlwJjelgzs,43,53
NwlwJjelgzs,68,78
88XQcpU5Vuk,0,10
oGpG6FkdrwI,15,25
nv2_9zANCgg,0,10
MBSKB66mH_0,66,76
MBSKB66mH_0,120,130
MBSKB66mH_0,185,195
MBSKB66mH_0,250,260
MBSKB66mH_0,460,470
MBSKB66mH_0,565,575
d8NmkSQOdTc,4,14
EEm3LT1vZiQ,3,13
EEm3LT1vZiQ,20,30
EEm3LT1vZiQ,36,46
EEm3LT1vZiQ,47,57
EEm3LT1vZiQ,63,73
EEm3LT1vZiQ,84,94
EEm3LT1vZiQ,100,110
EEm3LT1vZiQ,115,125
EEm3LT1vZiQ,130,140
EEm3LT1vZiQ,141,151
NF1lwZ24RYI,1,11
NF1lwZ24RYI,27,37
jKTzjEOqA3I,45,55